Data;Histórico;Valor
2/04/2026;STONE PAGAMENTOS;2294,44
9/04/2026;STONE PAGAMENTOS;1733,15
16/04/2026;STONE PAGAMENTOS;2009,92
23/04/2026;STONE PAGAMENTOS;1697,23
15/04/2026;TARIFA MANUTENCAO CONTA;-45,00
2/05/2026;STONE PAGAMENTOS;2371,29
9/05/2026;STONE PAGAMENTOS;2312,34
16/05/2026;STONE PAGAMENTOS;2484,67
23/05/2026;STONE PAGAMENTOS;1844,24
15/05/2026;TARIFA MANUTENCAO CONTA;-45,00
2/06/2026;STONE PAGAMENTOS;2128,41
9/06/2026;STONE PAGAMENTOS;2174,59
16/06/2026;STONE PAGAMENTOS;2392,43
23/06/2026;STONE PAGAMENTOS;1622,91
15/06/2026;TARIFA MANUTENCAO CONTA;-45,00
2/07/2026;STONE PAGAMENTOS;2180,01
9/07/2026;STONE PAGAMENTOS;2496,61
16/07/2026;STONE PAGAMENTOS;2475,67
23/07/2026;STONE PAGAMENTOS;1630,32
15/07/2026;TARIFA MANUTENCAO CONTA;-45,00
2/08/2026;STONE PAGAMENTOS;1869,13
9/08/2026;STONE PAGAMENTOS;1540,43
16/08/2026;STONE PAGAMENTOS;2042,88
23/08/2026;STONE PAGAMENTOS;1674,72
15/08/2026;TARIFA MANUTENCAO CONTA;-45,00
2/09/2026;STONE PAGAMENTOS;2005,27
9/09/2026;STONE PAGAMENTOS;1656,11
16/09/2026;STONE PAGAMENTOS;2293,02
23/09/2026;STONE PAGAMENTOS;1750,15
15/09/2026;TARIFA MANUTENCAO CONTA;-45,00